#,Key,Artwork,File Type,BPM,Comments,DJ Play Count,Track Title,Artist,Genre,Album,Rating,Release Date,Year,Label,Remixer,Mix Name,Time,Date Added,Size,File Name,Bitrate,Location,Bitdepth
1,6A,,MP3,121.0,OOOLD_SRC_YODJ,1,Eme Lelu (Adam Port Edit),Quim Manuel O Espirito Santo,Afro House,nan,,nan,2019,nan,,,06:53,2023-04-14,15.9 MB,Quim Manuel O Espirito Santo - Eme Lelu (Ada_2_0.mp3,320 kbps,/Users/yerik/Music/_0_OLD_SOURCE/__tiny_27_07-25/Quim Manuel O Espirito Santo - Eme Lelu (Ada_2_0.mp3,16
2,6A,,MP3,124.0,OOOLD_SRC_YODJ,1,Eye Nyam Nam 'A' Mensuro (Henrik Schwarz Dub),"Pat Thomas, Ebo Taylor, Henrik Schwarz",House,Eye Nyam Nam 'A' Mensuro (Henrik Schwarz Mixes),,2015-01-01,2015,Strut,,,07:29,2023-04-14,17.2 MB,"Henrik Schwarz, Ebo Taylor, Pat Thomas - Eye_2_0.mp3",320 kbps,"/Users/yerik/Music/_0_OLD_SOURCE/__tiny_11_07-25/Henrik Schwarz, Ebo Taylor, Pat Thomas - Eye_2_0.mp3",16
3,6A,,MP3,120.0,OOOLD_SRC_YODJ,0,Everyday (Shimza Remix),"WhoMadeWho, Rampa",Afro House,Everyday (Shimza Remix),,2022-10-28,2022,Embassy One,,,07:32,2023-04-14,18.9 MB,"WhoMadeWho, Rampa - Everyday (Shimza Remix)_2_0.mp3",320 kbps,"/Users/yerik/Music/_0_OLD_SOURCE/__tiny_17_07-25/WhoMadeWho, Rampa - Everyday (Shimza Remix)_2_0.mp3",16
4,1A,,WAV,118.0,OOOLD_SRC_YODJ,0,Forbidden feat. Sio (Original Mix),"Sio, Dwson",nan,nan,,nan,0,nan,,,06:16,2023-09-08,63.4 MB,"Sio, Dwson - Forbidden feat. Sio (Original M_3_0.wav",1411 kbps,"/Users/yerik/Music/_0_OLD_SOURCE/__tiny_50_07-25/Sio, Dwson - Forbidden feat. Sio (Original M_3_0.wav",16
5,4A,,WAV,120.0,OOOLD_SRC_YODJ,0,Falling into Place (Original Mix),Massh,nan,nan,,nan,0,nan,,,07:37,2023-04-14,77.1 MB,Massh - Falling into Place (Original Mix)_2_0.wav,1411 kbps,/Users/yerik/Music/_0_OLD_SOURCE/__tiny_47_07-25/Massh - Falling into Place (Original Mix)_2_0.wav,16
6,6A,,WAV,121.0,OOOLD_SRC_YODJ,0,Fatoumata_Original_Mix,nan,nan,nan,,nan,0,nan,,,05:20,2023-04-14,53.9 MB,Fatoumata_Original_Mix_3_0.wav,1411 kbps,/Users/yerik/Music/_0_OLD_SOURCE/__tiny_13_07-25/Fatoumata_Original_Mix_3_0.wav,16
7,12A,,MP3,123.0,OOOLD_SRC_YODJ,0,Footprints (Extended Mix),Kaz James,Dance / Electro Pop,Footprints (Extended Mix),,2022-04-29,2022,Another Record Label,,,07:33,2023-04-14,17.7 MB,Kaz James - Footprints (Extended Mix)_2_0.mp3,320 kbps,/Users/yerik/Music/_0_OLD_SOURCE/__tiny_27_07-25/Kaz James - Footprints (Extended Mix)_2_0.mp3,16
8,11A,,MP3,123.0,OOOLD_SRC_YODJ,0,Freya,Anjei,Танцевальная/электронная музыка,Cantec De Leagane / Freya,,nan,2017,nan,,,04:44,2023-04-14,11 MB,Anjei - Freya_2_0.mp3,320 kbps,/Users/yerik/Music/_0_OLD_SOURCE/__tiny_24_07-25/Anjei - Freya_2_0.mp3,16
9,7A,,WAV,122.0,OOOLD_SRC_YODJ,0,Gates of Thēbai (Original Mix),Shai T,nan,nan,,nan,0,nan,,,06:53,2023-04-14,69.5 MB,Shai T - Gates of Thēbai (Original Mix)_2_0.wav,1411 kbps,/Users/yerik/Music/_0_OLD_SOURCE/__tiny_52_07-25/Shai T - Gates of Thēbai (Original Mix)_2_0.wav,16
10,4A,,MP3,112.0,OOOLD_SRC_YODJ,3,Gerra G - Desencanto (Padouc Remix) myfreemp3.vip,nan,nan,nan,,nan,0,nan,,,08:34,2023-08-15,19.7 MB,Gerra G - Desencanto (Padouc Remix) myfreemp3.vip .mp3,320 kbps,/Users/yerik/Music/_0_OLD_SOURCE/__tiny_25_07-25/Gerra G - Desencanto (Padouc Remix) myfreemp3.vip .mp3,16
11,8A,,MP3,121.0,OOOLD_SRC_YODJ,0,"Ntobe, Moshiko's Son (Original Mix)",Eddie ZAR,Afro House,"Ntobe, Moshiko's Son",,2022-07-22,2022,Hexx Room Records,,,06:11,2023-04-14,14.3 MB,"Eddie ZAR - Ntobe, Moshiko_s Son (Original M_3_0.mp3",320 kbps,"/Users/yerik/Music/_0_OLD_SOURCE/__tiny_25_07-25/Eddie ZAR - Ntobe, Moshiko_s Son (Original M_3_0.mp3",16
12,5A,,AIFF,105.99,OOOLD_SRC_YODJ,1,Sufi (Original Mix),AIWAA,Organic House / Downtempo,Sufi,,2022-03-22,2022,Cosmic Awakenings,,,06:02,2024-11-15,63.5 MB,Sufi-BY-AIWAA_(Original_Mix)_KEY_C_Major_BPM_131_Organic_House___Downtempo__LBL_Cosmic_Awakenings-RY_2022_03-DWN_2024_11.aiff,1411 kbps,/Users/yerik/Music/_0_OLD_SOURCE/__tiny_57_07-25/Sufi-BY-AIWAA_(Original_Mix)_KEY_C_Major_BPM_131_Organic_House___Downtempo__LBL_Cosmic_Awakenings-RY_2022_03-DWN_2024_11.aiff,16
13,5A,,MP3,120.0,OOOLD_SRC_YODJ,1,Guatape [www.slider.kz],Calussa,nan,nan,,nan,0,nan,,,03:50,2023-04-14,8.8 MB,Calussa - Guatape [www.slider.kz]_2_0.mp3,320 kbps,/Users/yerik/Music/_0_OLD_SOURCE/__tiny_1_07-25/Calussa - Guatape [www.slider.kz]_2_0.mp3,16
14,6A,,WAV,120.0,OOOLD_SRC_YODJ,1,Golden feat. Kid Fonque feat. D-Malice (Original Mix),"D-Malice, Kid Fonque, Sio",nan,nan,,nan,0,nan,,,05:53,2023-04-14,59.6 MB,"D-Malice, Kid Fonque, Sio - Golden feat. Kid_2_0.wav",1411 kbps,"/Users/yerik/Music/_0_OLD_SOURCE/__tiny_31_07-25/D-Malice, Kid Fonque, Sio - Golden feat. Kid_2_0.wav",16
15,6A,,MP3,114.0,OOOLD_SRC_YODJ,5,Chopstick & Johnjon - Doin It (Original Mix),www.need-music.com,nan,nan,,nan,0,nan,,,06:44,2023-04-14,15.4 MB,Chopstick & Johnjon - Doin It (Original Mi-1_2_0.mp3,320 kbps,/Users/yerik/Music/_0_OLD_SOURCE/__tiny_28_07-25/Chopstick & Johnjon - Doin It (Original Mi-1_2_0.mp3,16
16,2A,,MP3,120.0,OOOLD_SRC_YODJ,2,Congo Libre,The Pilotwings,nan,MOLITOR 71,,nan,2015,nan,,,04:45,2023-08-19,11 MB,03 Congo Libre-MB-11024420738220215-fr-lodazz.mp3,320 kbps,/Users/yerik/Music/_0_OLD_SOURCE/__tiny_18_07-25/03 Congo Libre-MB-11024420738220215-fr-lodazz.mp3,16
17,8A,,WAV,118.0,OOOLD_SRC_YODJ,1,Closure,RONA.,nan,nan,,nan,0,nan,,,04:30,2023-04-14,45.5 MB,RONA. - Closure EP - 01 Closure_3_0.wav,1411 kbps,/Users/yerik/Music/_0_OLD_SOURCE/__tiny_14_07-25/RONA. - Closure EP - 01 Closure_3_0.wav,16
18,5A,,WAV,120.0,OOOLD_SRC_YODJ,3,Bailando De Too (Original Mix),"Peppe Citarella, Manybeat, Mijangos",Afro House,Bailando De Too,,nan,2020,nan,,,05:33,2024-06-08,56.5 MB,i3ii_120_6 k 8A_lufs-8_7_ii_Bailando_De_Too__Peppe Citarella Manybeat Mijangos_2020-04-03_ggg_Afro eee_LBL_UNION RECORDS IT.wav,1411 kbps,/Users/yerik/Music/_0_OLD_SOURCE/__tiny_57_07-25/i3ii_120_6 k 8A_lufs-8_7_ii_Bailando_De_Too__Peppe Citarella Manybeat Mijangos_2020-04-03_ggg_Afro eee_LBL_UNION RECORDS IT.wav,16
19,6A,,MP3,123.0,OOOLD_SRC_YODJ,0,Beaga feat. NT Martin (Original Mix),"NT Martin, Tenova",Tech House,"Elrow Vol. 3 (Mixed By Claptone, Tini Gessler & Eddy M) - Beatport Exclusive Edition",,2018-01-01,2018,Cr2 Records,,,06:04,2023-08-15,14.4 MB,10899059_Beaga feat. NT Martin_(Original Mix).mp3,320 kbps,/Users/yerik/Music/_0_OLD_SOURCE/__tiny_14_07-25/10899059_Beaga feat. NT Martin_(Original Mix).mp3,16
20,4A,,WAV,120.0,OOOLD_SRC_YODJ,2,Ceremony (Original Mix),Monkey Safari,nan,nan,,nan,0,nan,,,07:00,2023-04-14,70.7 MB,Monkey Safari - Ceremony (Original Mix)_2_0.wav,1411 kbps,/Users/yerik/Music/_0_OLD_SOURCE/__tiny_50_07-25/Monkey Safari - Ceremony (Original Mix)_2_0.wav,16
21,7A,,MP3,88.01,OOOLD_SRC_YODJ,2,"Chan Chan (feat. Maikel Ante, Félix Baloy, Solis & Eugenio Rodríguez El Raspa)",Mista Savona,nan,Havana Meets Kingston,,nan,2017,nan,,,04:51,2023-04-14,11.3 MB,"Mista Savona - Chan Chan (feat. Maikel Ante,_2_0.mp3",320 kbps,"/Users/yerik/Music/_0_OLD_SOURCE/__tiny_14_07-25/Mista Savona - Chan Chan (feat. Maikel Ante,_2_0.mp3",16
22,1A,,WAV,120.0,OOOLD_SRC_YODJ,5,Baião Destemperado (feat. Dawn Patrol & Barbatuques) (Original Mix),"Maz (BR), Antdot, Riascode",Afro House,Baião Destemperado (feat. Dawn Patrol & Barbatuques),,nan,2023,nan,,,05:48,2024-06-08,59.7 MB,"h1ii_120_8 k 1A_lufs-8_8_ii_Baião_Destemper__Maz (BR), Antdot, Riascode_2023_ggg_Afro eee_LBL_Dawn Patrol Records.wav",1411 kbps,"/Users/yerik/Music/_0_OLD_SOURCE/__tiny_16_07-25/h1ii_120_8 k 1A_lufs-8_8_ii_Baião_Destemper__Maz (BR), Antdot, Riascode_2023_ggg_Afro eee_LBL_Dawn Patrol Records.wav",16
23,9A,,MP3,97.13,OOOLD_SRC_YODJ,2,Camel (Nosaj Thing Remix),Flying Lotus,Electro,L.A. EP 2 X 3,,nan,2008,nan,,,02:54,2023-04-14,6.8 MB,fr_pieg-14_03_2023-Nosaj Thing - Flying lotus-camel (nosaj thing remix).mp3,320 kbps,/Users/yerik/Music/_0_OLD_SOURCE/__tiny_16_07-25/fr_pieg-14_03_2023-Nosaj Thing - Flying lotus-camel (nosaj thing remix).mp3,16
24,7A,,WAV,116.0,OOOLD_SRC_YODJ,1,Blind the Sun (Original Mix),Derun,nan,nan,,nan,0,nan,,,07:29,2023-04-14,75.8 MB,Derun - Blind the Sun (Original Mix)_2_0.wav,1411 kbps,/Users/yerik/Music/_0_OLD_SOURCE/__tiny_27_07-25/Derun - Blind the Sun (Original Mix)_2_0.wav,16
25,9A,,WAV,120.0,OOOLD_SRC_YODJ,0,Belma Belma (Cuebur & Vanco Remix),"Boddhi Satva, Maalem Hammam",nan,nan,,nan,0,nan,,,07:32,2023-04-14,76.1 MB,"Boddhi Satva, Maalem Hammam - Belma Belma (C_3_0.wav",1411 kbps,"/Users/yerik/Music/_0_OLD_SOURCE/__tiny_10_07-25/Boddhi Satva, Maalem Hammam - Belma Belma (C_3_0.wav",16
26,1A,,MP3,123.0,OOOLD_SRC_YODJ,0,BREAK MY SOUL (Terry Hunter Remix - Official Visualizer),"Beyoncé, Terry Hunter",nan,YTmp3.net,,nan,0,nan,,,05:31,2023-09-08,12.7 MB,"Beyoncé, Terry-fr-an-001T.mp3",320 kbps,"/Users/yerik/Music/_0_OLD_SOURCE/__tiny_10_07-25/Beyoncé, Terry-fr-an-001T.mp3",16
27,11A,,MP3,125.0,OOOLD_SRC_YODJ,0,Boom (Original Mix),Adison,Tech House,"Elrow Vol. 3 (Mixed By Claptone, Tini Gessler & Eddy M) - Beatport Exclusive Edition",,2018-01-01,2018,Cr2 Records,,,06:10,2023-08-15,14.7 MB,10899062_Boom_(Original Mix).mp3,320 kbps,/Users/yerik/Music/_0_OLD_SOURCE/__tiny_17_07-25/10899062_Boom_(Original Mix).mp3,16
28,11A,,MP3,116.0,OOOLD_SRC_YODJ,2,Bedouin - Straight to the Heart myfreemp3.vip,nan,nan,nan,,nan,0,nan,,,07:17,2023-09-08,16.7 MB,Bedouin - Straight to the Heart myfreemp3.vip.mp3,320 kbps,/Users/yerik/Music/_0_OLD_SOURCE/__tiny_11_07-25/Bedouin - Straight to the Heart myfreemp3.vip.mp3,16
29,8A,,MP3,118.0,OOOLD_SRC_YODJ,0,Blond_ish & Nico De Andrea ft. Darla Jade - Hold Tight (Extended Mix) myfreemp3.vip,nan,nan,nan,,nan,0,nan,,,04:42,2023-08-15,10.8 MB,Blond_ish & Nico De Andrea ft. Darla Jade - Hold Tight (Extended Mix) myfreemp3.vip .mp3,320 kbps,/Users/yerik/Music/_0_OLD_SOURCE/__tiny_2_07-25/Blond_ish & Nico De Andrea ft. Darla Jade - Hold Tight (Extended Mix) myfreemp3.vip .mp3,16
30,6A,,MP3,123.0,OOOLD_SRC_YODJ,1,Blond_Ish & Cameron Jack - Aye Aye (Extended Mix) myfreemp3.vip,nan,nan,nan,,nan,0,nan,,,06:32,2023-08-15,15 MB,Blond_Ish & Cameron Jack - Aye Aye (Extended Mix) myfreemp3.vip .mp3,320 kbps,/Users/yerik/Music/_0_OLD_SOURCE/__tiny_14_07-25/Blond_Ish & Cameron Jack - Aye Aye (Extended Mix) myfreemp3.vip .mp3,16
31,10A,,MP3,98.0,OOOLD_SRC_YODJ,1,"Casimir, Yatao - Yatao - Shadows of the Great Tree (Casimir's Cacao Remix) myfreemp3.vip",nan,nan,nan,,nan,0,nan,,,08:31,2023-08-15,19.5 MB,"Casimir, Yatao - Yatao - Shadows of the Great Tree (Casimir's Cacao Remix) myfreemp3.vip .mp3",320 kbps,"/Users/yerik/Music/_0_OLD_SOURCE/__tiny_2_07-25/Casimir, Yatao - Yatao - Shadows of the Great Tree (Casimir's Cacao Remix) myfreemp3.vip .mp3",16
32,9A,,MP3,130.03,OOOLD_SRC_YODJ,1,Bonobo feat. Andreya Triana - Eyesdown myfreemp3,nan,nan,nan,,nan,0,nan,,,05:26,2023-08-15,12.5 MB,Bonobo feat. Andreya Triana - Eyesdown myfreemp3.mp3,320 kbps,/Users/yerik/Music/_0_OLD_SOURCE/__tiny_29_07-25/Bonobo feat. Andreya Triana - Eyesdown myfreemp3.mp3,16
33,5A,,MP3,123.01,OOOLD_SRC_YODJ,2,Black Coffee - Extra Time On You myfreemp3.vip,nan,nan,nan,,nan,0,nan,,,07:23,2023-08-15,16.9 MB,Black Coffee - Extra Time On You myfreemp3.vip .mp3,320 kbps,/Users/yerik/Music/_0_OLD_SOURCE/__tiny_31_07-25/Black Coffee - Extra Time On You myfreemp3.vip .mp3,16
34,8A,,MP3,122.75,OOOLD_SRC_YODJ,0,Big Moses - Inner Spirit myfreemp3.vip,nan,nan,nan,,nan,0,nan,,,08:58,2023-08-15,20.6 MB,Big Moses - Inner Spirit myfreemp3.vip .mp3,320 kbps,/Users/yerik/Music/_0_OLD_SOURCE/__tiny_23_07-25/Big Moses - Inner Spirit myfreemp3.vip .mp3,16
35,2A,,MP3,121.0,OOOLD_SRC_YODJ,0,Bonobo - Rosewood myfreemp3.vip  (1),nan,nan,nan,,nan,0,nan,,,04:02,2023-08-15,9.3 MB,Bonobo - Rosewood myfreemp3.vip  (1).mp3,320 kbps,/Users/yerik/Music/_0_OLD_SOURCE/__tiny_23_07-25/Bonobo - Rosewood myfreemp3.vip  (1).mp3,16
36,10B,,MP3,126.32,OOOLD_SRC_YODJ,0,Bonobo feat. Innov Gnawa - Bambro Koyo Ganda myfreemp3 (1),nan,nan,nan,,nan,0,nan,,,05:45,2023-08-15,13.2 MB,Bonobo feat. Innov Gnawa - Bambro Koyo Ganda myfreemp3 (1).mp3,320 kbps,/Users/yerik/Music/_0_OLD_SOURCE/__tiny_23_07-25/Bonobo feat. Innov Gnawa - Bambro Koyo Ganda myfreemp3 (1).mp3,16
37,4B,,AIFF,118.0,OOOLD_SRC_YODJ,21,Jack (Original Mix),Orchestra Familiar,Tech House,Secret Weapons Part 11,*****,2019-01-01,2019,Innervisions,,,05:44,2023-04-14,58.2 MB,Orchestra Familiar - Jack (Original Mix)_3_0.aiff,1411 kbps,/Users/yerik/Music/_0_OLD_SOURCE/__tiny_18_07-25/Orchestra Familiar - Jack (Original Mix)_3_0.aiff,16
38,5A,,AIFF,118.0,OOOLD_SRC_YODJ,17,Tel Aviv To Casablanca (Original Mix),Pablo Fierro,Afro House,Secret Weapons Part 11,*****,2019-01-01,2019,Innervisions,,,06:37,2023-04-14,67.1 MB,Pablo Fierro - Tel Aviv To Casablanca (Orig_3_0.aiff,1411 kbps,/Users/yerik/Music/_0_OLD_SOURCE/__tiny_18_07-25/Pablo Fierro - Tel Aviv To Casablanca (Orig_3_0.aiff,16
39,1A,,WAV,118.0,OOOLD_SRC_YODJ,10,Nobody Else feat. Sio (Radio Edit),"Sio, Dwson",nan,nan,,nan,0,nan,,,03:36,2023-04-14,36.5 MB,"Sio, Dwson - Nobody Else feat. Sio (Radio Ed_3_0.wav",1411 kbps,"/Users/yerik/Music/_0_OLD_SOURCE/__tiny_16_07-25/Sio, Dwson - Nobody Else feat. Sio (Radio Ed_3_0.wav",16
40,8A,,WAV,118.0,OOOLD_SRC_YODJ,17,VSOD (Velvet Sky of Dreams),"Tiga, Hudson Mohawke",nan,nan,,nan,0,nan,,,05:41,2023-04-14,57.6 MB,"Tiga, Hudson Mohawke - VSOD (Velvet Sky of D_2_0.wav",1411 kbps,"/Users/yerik/Music/_0_OLD_SOURCE/__tiny_4_07-25/Tiga, Hudson Mohawke - VSOD (Velvet Sky of D_2_0.wav",16
41,6A,,WAV,118.0,OOOLD_SRC_YODJ,16,Abu Simbel (Original Mix),WhoMadeWho,nan,nan,,nan,0,nan,,,06:34,2023-04-14,66.4 MB,WhoMadeWho - Abu Simbel (Original Mix)_2_0.wav,1411 kbps,/Users/yerik/Music/_0_OLD_SOURCE/__tiny_6_07-25/WhoMadeWho - Abu Simbel (Original Mix)_2_0.wav,16
42,3A,,WAV,120.0,OOOLD_SRC_YODJ,9,Before_Pablo_Fierro_(Original_Mix)_Bb_Minor_120__Afro_House_888_05,nan,nan,nan,,nan,0,nan,,,06:59,2023-05-24,70.7 MB,Before_Pablo_Fierro_(Original_Mix)_Bb_Minor_120__Afro_House_888_05.wav,1411 kbps,/Users/yerik/Music/_0_OLD_SOURCE/__tiny_63_07-25/Before_Pablo_Fierro_(Original_Mix)_Bb_Minor_120__Afro_House_888_05.wav,16
43,1A,,WAV,120.0,OOOLD_SRC_YODJ,8,5618948_All Comes_(Original Mix),nan,nan,nan,,nan,0,nan,,,08:09,2023-04-16,82.4 MB,5618948_All Comes_(Original Mix).wav,1411 kbps,/Users/yerik/Music/_0_OLD_SOURCE/__tiny_30_07-25/5618948_All Comes_(Original Mix).wav,16
44,11A,,WAV,120.0,OOOLD_SRC_YODJ,28,Discoteca Dub (Original Mix),"&ME, Rampa, Adam Port, Keinemusik, Sofie",nan,nan,,nan,0,nan,,,06:58,2023-04-14,70.4 MB,"&ME, Rampa, Adam Port, Keinemusik, Sofie - D_2_0.wav",1411 kbps,"/Users/yerik/Music/_0_OLD_SOURCE/__tiny_25_07-25/&ME, Rampa, Adam Port, Keinemusik, Sofie - D_2_0.wav",16
45,6A,,WAV,120.0,OOOLD_SRC_YODJ,20,Lego (Original Mix),"Adam Ten, Mita Gami",nan,nan,*****,nan,2021,nan,,,06:26,2023-04-14,65 MB,"Adam Ten, Mita Gami - Lego (Original Mix)_2_0.wav",1411 kbps,"/Users/yerik/Music/_0_OLD_SOURCE/__tiny_63_07-25/Adam Ten, Mita Gami - Lego (Original Mix)_2_0.wav",16
46,12A,,MP3,120.0,OOOLD_SRC_YODJ,8,You Got the Love (Original Mix),Rockin Moroccin,Afro House,You Got the Love,,2022-12-16,2022,Get Physical Music,,,06:30,2023-04-14,15.3 MB,Rockin Moroccin - You Got the Love (Original_2_0.mp3,320 kbps,/Users/yerik/Music/_0_OLD_SOURCE/__tiny_14_07-25/Rockin Moroccin - You Got the Love (Original_2_0.mp3,16
47,9A,,WAV,115.01,OOOLD_SRC_YODJ,8,Mariposa (KMLN Remix),"Canu, Nu, Alejandro Castelli",Melodic House & Techno,Mariposa,,nan,2018,nan,,,08:57,2024-06-08,90.4 MB,"f3ii_115_8 k 9A_lufs-9_7_ii_Mariposa-BY-Can__Canu, Nu, Alejandro Castelli_2018_ggg_Melodeee_LBL_Bar 25 Music.wav",1411 kbps,"/Users/yerik/Music/_0_OLD_SOURCE/__tiny_58_07-25/f3ii_115_8 k 9A_lufs-9_7_ii_Mariposa-BY-Can__Canu, Nu, Alejandro Castelli_2018_ggg_Melodeee_LBL_Bar 25 Music.wav",16
48,8A,,MP3,120.0,OOOLD_SRC_YODJ,7,Blanco (Pablo Fierro Remix),JBalvin Quantic,Afro House,nan,*****,nan,0,nan,,,05:44,2023-04-14,15.3 MB,JBalvin Quantic - Blanco (Pablo Fierro Rem-1_5_1.mp3,320 kbps,/Users/yerik/Music/_0_OLD_SOURCE/__tiny_7_07-25/JBalvin Quantic - Blanco (Pablo Fierro Rem-1_5_1.mp3,16
49,8A,,WAV,114.0,OOOLD_SRC_YODJ,7,Lost (Original Mix),Ayala (IT),Organic House / Downtempo,Lost / Valley,*****,nan,2023,nan,,,07:17,2024-07-20,74.5 MB,d0iiVol_-9_3Bpm_114_8Key_3A_2cnt-rnk_8A3A1A-012oct_iiNAME_Lost-BY-Ay_byAyala IT_2023_GG_Organi_LBL_Batov Records.wav,1411 kbps,/Users/yerik/Music/_0_OLD_SOURCE/__tiny_17_07-25/d0iiVol_-9_3Bpm_114_8Key_3A_2cnt-rnk_8A3A1A-012oct_iiNAME_Lost-BY-Ay_byAyala IT_2023_GG_Organi_LBL_Batov Records.wav,16
50,9A,,MP3,92.25,OOOLD_SRC_YODJ,0,Chabuca Granda - Cardó O Ceniza (DDD Remix),Dengue Dengue Dengue,nan,nan,,nan,0,nan,,,04:17,2025-03-16,4 MB,Chabuca Granda - Cardó O Ceniza (DDD Remix).mp3.mp3,128 kbps,/Users/yerik/Music/_0_OLD_SOURCE/__tiny_12_07-25/Chabuca Granda - Cardó O Ceniza (DDD Remix).mp3.mp3,16
51,4A,,MP3,116.0,OOOLD_SRC_YODJ,0,MBR426 - Rosalinda De La Espada - Quiribi (Yamil Remix),MoBlack,nan,nan,,nan,0,nan,,,02:00,2025-03-16,1.9 MB,MBR426 - Rosalinda De La Espada - Quiribi (Yamil Remix).mp3,128 kbps,/Users/yerik/Music/_0_OLD_SOURCE/__tiny_66_07-25/MBR426 - Rosalinda De La Espada - Quiribi (Yamil Remix).mp3,16
52,7B,,AIFF,120.0,OOOLD_SRC_YODJ,3,Sunset in Maputo,"Viktor Martini, Frank Master",Afro House,Maputo EP,***,nan,2021,nan,,,07:30,2023-04-14,114 MB,"Viktor Martini, Frank Master - Sunset in Ma_2_0.aiff",2116 kbps,"/Users/yerik/Music/_0_OLD_SOURCE/__tiny_29_07-25/Viktor Martini, Frank Master - Sunset in Ma_2_0.aiff",24
53,7A,,AIFF,107.0,OOOLD_SRC_YODJ,13,Yo go share,Shamrock,nan,African Music By African People,,nan,0,nan,,,06:01,2023-04-14,61 MB,Shamrock - African Music By African Peopl-2_2_0.aiff,1411 kbps,/Users/yerik/Music/_0_OLD_SOURCE/__tiny_53_07-25/Shamrock - African Music By African Peopl-2_2_0.aiff,16
54,4A,,AIFF,124.0,OOOLD_SRC_YODJ,1,"Take Off, Baby! feat. Orlando (Original Mix)",Ronald Christoph,Tech House,"Take Off, Baby!",****,2012-01-01,2012,Evamore Music,,,06:42,2023-04-14,67.9 MB,"Ronald Christoph - Take Off, Baby! feat. Or_2_0.aiff",1411 kbps,"/Users/yerik/Music/_0_OLD_SOURCE/__tiny_15_07-25/Ronald Christoph - Take Off, Baby! feat. Or_2_0.aiff",16
55,2A,,AIFF,118.0,OOOLD_SRC_YODJ,13,Baiana (Cosme Martin & Christian Vila Remix),Barbatuques,Tech House,Baiana (Cosme Martin & Christian Vila Remix),,2016-03-04,2016,CLPR,,,07:47,2024-04-04,78.8 MB,iii_118_8BpM_11A_lufs_-6_9_iii_Baiana-BY-Barba___Barbatuques_2016_ggg_Tech eee.aiff,1411 kbps,/Users/yerik/Music/_0_OLD_SOURCE/__tiny_41_07-25/iii_118_8BpM_11A_lufs_-6_9_iii_Baiana-BY-Barba___Barbatuques_2016_ggg_Tech eee.aiff,16
56,9A,,MP3,118.0,OOOLD_SRC_YODJ,1,Yamil & G.Zamora - Cosa Buena (Original Mix) [connected] [MI4L.com],Music is 4 Lovers,nan,nan,*****,nan,0,nan,,,06:16,2025-03-16,5.8 MB,Yamil & G.Zamora - Cosa Buena (Original Mix) [connected] [MI4L.com].mp3,128 kbps,/Users/yerik/Music/_0_OLD_SOURCE/__tiny_1_07-25/Yamil & G.Zamora - Cosa Buena (Original Mix) [connected] [MI4L.com].mp3,16
57,8A,,MP3,108.0,OOOLD_SRC_YODJ,0,tribu tulum _Purnamadah,"RoMadrid(Tribu Tulum, MusicDesigners, the seeKers)",nan,nan,,nan,0,nan,,,06:06,2025-03-16,5.7 MB,tribu tulum _Purnamadah.mp3,128 kbps,/Users/yerik/Music/_0_OLD_SOURCE/__tiny_15_07-25/tribu tulum _Purnamadah.mp3,16
58,12A,,MP3,120.0,OOOLD_SRC_YODJ,0,Tube & Berger & Paji - Kleines Traumparadies (Wild Culture Pure Wilderness Remix) [Kittball],TUBE & BERGER,nan,nan,,nan,0,nan,,,08:31,2025-03-16,7.8 MB,Tube & Berger & Paji - Kleines Traumparadies (Wild Culture Pure Wilderness Remix) [Kittball].mp3.mp3,128 kbps,/Users/yerik/Music/_0_OLD_SOURCE/__tiny_17_07-25/Tube & Berger & Paji - Kleines Traumparadies (Wild Culture Pure Wilderness Remix) [Kittball].mp3.mp3,16
59,12A,,MP3,122.0,OOOLD_SRC_YODJ,0,Premiere: Just Her Feat. Kieran Fowkes - Let Myself Go [Constant Circles],Soundspace,nan,nan,,nan,0,nan,,,07:34,2025-03-16,7 MB,Premiere_ Just Her Feat. Kieran Fowkes - Let Myself Go [Constant Circles].mp3,128 kbps,/Users/yerik/Music/_0_OLD_SOURCE/__tiny_16_07-25/Premiere_ Just Her Feat. Kieran Fowkes - Let Myself Go [Constant Circles].mp3,16
60,5A,,MP3,100.0,OOOLD_SRC_YODJ,0,Yapla! - Cegre (SidiRum Deep Mix),Sounds and Colours,nan,nan,,nan,0,nan,,,04:55,2025-03-16,11.3 MB,Yapla! - Cegre (SidiRum Deep Mix).mp3,320 kbps,/Users/yerik/Music/_0_OLD_SOURCE/__tiny_27_07-25/Yapla! - Cegre (SidiRum Deep Mix).mp3,16
61,3A,,MP3,170.0,OOOLD_SRC_YODJ,0,Nicola Cruz & Gorillaz - Cumbia Eastwood (Lascivio Bohemia mashup),Lascivio Bohemia,nan,nan,,nan,0,nan,,,04:36,2025-03-16,4.3 MB,Nicola Cruz & Gorillaz - Cumbia Eastwood (Lascivio Bohemia mashup).mp3,128 kbps,/Users/yerik/Music/_0_OLD_SOURCE/__tiny_27_07-25/Nicola Cruz & Gorillaz - Cumbia Eastwood (Lascivio Bohemia mashup).mp3,16
62,9A,,MP3,121.0,OOOLD_SRC_YODJ,2,"Danniel Selfmade, Charlie Demir - Libre La Vida (FNX Omar Extended Remix)",Stereo Productions,nan,nan,,nan,0,nan,,,07:40,2025-03-16,7.1 MB,"Danniel Selfmade, Charlie Demir - Libre La Vida (FNX Omar Extended Remix).mp3",128 kbps,"/Users/yerik/Music/_0_OLD_SOURCE/__tiny_31_07-25/Danniel Selfmade, Charlie Demir - Libre La Vida (FNX Omar Extended Remix).mp3",16
63,8A,,MP3,124.0,OOOLD_SRC_YODJ,0,José González - Stay In The Shade (Pablo Fierro Edit),Pablo Fierro,nan,nan,,nan,0,nan,,,06:53,2025-03-16,15.8 MB,José González - Stay In The Shade (Pablo Fierro Edit).mp3,320 kbps,/Users/yerik/Music/_0_OLD_SOURCE/__tiny_31_07-25/José González - Stay In The Shade (Pablo Fierro Edit).mp3,16
64,4A,,MP3,116.0,OOOLD_SRC_YODJ,0,MBR426 - Rosalinda De La Espada - Quiribi (Yamil Remix),MoBlack Records,nan,nan,,nan,0,nan,,,02:00,2025-03-16,1.9 MB,MBR426 - Rosalinda De La Espada - Quiribi (Yamil Remix).mp3,128 kbps,/Users/yerik/Music/_0_OLD_SOURCE/__tiny_31_07-25/MBR426 - Rosalinda De La Espada - Quiribi (Yamil Remix).mp3,16
65,9A,,MP3,120.0,OOOLD_SRC_YODJ,1,Santë (PAAX (Tulum) Full Moon Version),Afroterraneo Music,nan,nan,,nan,0,nan,,,07:05,2025-03-16,6.6 MB,Santë (PAAX (Tulum) Full Moon Version).mp3,128 kbps,/Users/yerik/Music/_0_OLD_SOURCE/__tiny_31_07-25/Santë (PAAX (Tulum) Full Moon Version).mp3,16
66,4B,,MP3,120.0,OOOLD_SRC_YODJ,0,Sam Shure - Kasra (Atish Remix) [Snippet],Stil vor Talent,nan,nan,,nan,0,nan,,,03:00,2025-03-16,2.9 MB,Sam Shure - Kasra (Atish Remix) [Snippet].mp3,128 kbps,/Users/yerik/Music/_0_OLD_SOURCE/__tiny_14_07-25/Sam Shure - Kasra (Atish Remix) [Snippet].mp3,16
67,7A,,MP3,116.0,OOOLD_SRC_YODJ,0,Bird Noire - Circles (Quatri Remix),Oleeva,nan,nan,,nan,0,nan,,,09:58,2025-03-16,9.2 MB,Bird Noire - Circles (Quatri Remix).mp3,128 kbps,/Users/yerik/Music/_0_OLD_SOURCE/__tiny_14_07-25/Bird Noire - Circles (Quatri Remix).mp3,16
68,6A,,WAV,119.0,OOOLD_SRC_YODJ,6,8789102_Vayu_(Original Mix),nan,nan,nan,,nan,0,nan,,,07:06,2023-04-16,71.8 MB,8789102_Vayu_(Original Mix).wav,1411 kbps,/Users/yerik/Music/_0_OLD_SOURCE/__tiny_40_07-25/8789102_Vayu_(Original Mix).wav,16
69,4A,,WAV,123.0,OOOLD_SRC_YODJ,3,16517264_Camaleon_(Original Mix),nan,Afro House,nan,,nan,0,nan,,,05:59,2023-05-07,60.4 MB,16517264_Camaleon_(Original Mix).wav,1411 kbps,/Users/yerik/Music/_0_OLD_SOURCE/__tiny_29_07-25/16517264_Camaleon_(Original Mix).wav,16
70,4A,,WAV,121.0,OOOLD_SRC_YODJ,3,"Rain_Queen_Hyenah,_G-Wash10_(Masšh_Remix)_F_Minor_121_Masšh_Afro_House_888_05",nan,nan,nan,,nan,0,nan,,,06:29,2023-05-24,65.5 MB,"Rain_Queen_Hyenah,_G-Wash10_(Masšh_Remix)_F_Minor_121_Masšh_Afro_House_888_05.wav",1411 kbps,"/Users/yerik/Music/_0_OLD_SOURCE/__tiny_33_07-25/Rain_Queen_Hyenah,_G-Wash10_(Masšh_Remix)_F_Minor_121_Masšh_Afro_House_888_05.wav",16
71,5B,,WAV,120.0,OOOLD_SRC_YODJ,5,"The_Balance_Pablo_Fierro,_Lazarusman,_Hyenah_(Original_Mix)_Eb_Major_120__Afro_House_888_05",nan,nan,nan,,nan,0,nan,,,06:54,2023-05-24,69.6 MB,"The_Balance_Pablo_Fierro,_Lazarusman,_Hyenah_(Original_Mix)_Eb_Major_120__Afro_House_888_05.wav",1411 kbps,"/Users/yerik/Music/_0_OLD_SOURCE/__tiny_63_07-25/The_Balance_Pablo_Fierro,_Lazarusman,_Hyenah_(Original_Mix)_Eb_Major_120__Afro_House_888_05.wav",16
72,8A,,WAV,122.0,OOOLD_SRC_YODJ,2,"Estación_Esperanza_feat._Manu_Chao_Manu_Chao,_Sofia_Kourtesis_(Original_Mix)_A_Minor_16151714__Afro_House_888_08",nan,nan,nan,*****,nan,0,nan,,,05:16,2023-08-03,53.3 MB,"Estación_Esperanza_feat._Manu_Chao_Manu_Chao,_Sofia_Kourtesis_(Original_Mix)_A_Minor_16151714__Afro_House_888_08.wav",1411 kbps,"/Users/yerik/Music/_0_OLD_SOURCE/__tiny_47_07-25/Estación_Esperanza_feat._Manu_Chao_Manu_Chao,_Sofia_Kourtesis_(Original_Mix)_A_Minor_16151714__Afro_House_888_08.wav",16
73,9A,,AIFF,112.0,OOOLD_SRC_YODJ,4,All of This (Scorpion Kings Remix),"Kabza De Small, DJ Maphorisa, Jorja Smith",House,"All of This Remixes, Vol. 1",,2021-11-19,2021,FAMM,,,06:34,2023-08-08,68.2 MB,All_of_This-BY-Kabza_De_Small_RY_2021_11-DWN_2023_08.aiff,1411 kbps,/Users/yerik/Music/_0_OLD_SOURCE/__tiny_45_07-25/All_of_This-BY-Kabza_De_Small_RY_2021_11-DWN_2023_08.aiff,16
74,2A,,AIFF,120.0,OOOLD_SRC_YODJ,2,Oh Chuva (Original Mix),Leo Leonski,Afro House,Oh Chuva,*****,2023-02-01,2023,Night Heat Records,,,04:53,2023-08-08,49.6 MB,Oh_Chuva-BY-Leo_Leonski_(Original_Mix)_KEY_Eb_Major_BPM_17297481_Afro_House__LBL_Night_Heat_Records-RY_2023_02-DWN_2023_08.aiff,1411 kbps,/Users/yerik/Music/_0_OLD_SOURCE/__tiny_14_07-25/Oh_Chuva-BY-Leo_Leonski_(Original_Mix)_KEY_Eb_Major_BPM_17297481_Afro_House__LBL_Night_Heat_Records-RY_2023_02-DWN_2023_08.aiff,16
75,9A,,AIFF,120.0,OOOLD_SRC_YODJ,3,August Heat (Club Dub Edit),Leo Leonski,Deep House,August Heat (Club Dub Edit),,2020-08-31,2020,Gitano Records,,,04:38,2023-08-08,47.6 MB,August_Heat-BY-Leo_Leonski_(Club_Dub_Edit)_KEY_E_Minor_BPM_15187165_Deep_House__LBL_Gitano_Records-RY_2020_08-DWN_2023_08.aiff,1411 kbps,/Users/yerik/Music/_0_OLD_SOURCE/__tiny_50_07-25/August_Heat-BY-Leo_Leonski_(Club_Dub_Edit)_KEY_E_Minor_BPM_15187165_Deep_House__LBL_Gitano_Records-RY_2020_08-DWN_2023_08.aiff,16
76,6A,,AIFF,122.0,OOOLD_SRC_YODJ,1,Must Be Johnny (Original Mix),Leo Leonski,Afro House,Gimme Money,,2020-12-03,2020,Gitano Records,,,05:02,2023-08-08,51.2 MB,Must_Be_Johnny-BY-Leo_Leonski_(Original_Mix)_KEY_G_Minor_BPM_14473489_Afro_House__LBL_Gitano_Records-RY_2020_12-DWN_2023_08.aiff,1411 kbps,/Users/yerik/Music/_0_OLD_SOURCE/__tiny_14_07-25/Must_Be_Johnny-BY-Leo_Leonski_(Original_Mix)_KEY_G_Minor_BPM_14473489_Afro_House__LBL_Gitano_Records-RY_2020_12-DWN_2023_08.aiff,16
77,1B,,AIFF,122.0,OOOLD_SRC_YODJ,6,Sacude (Louie Vega Bronx Mix),Tony Touch,Afro House,Sacude,,2021-07-23,2021,Vega Records,,,06:49,2023-08-08,69.2 MB,Sacude_2021-BY-Tony_Touch_(Louie_Vega_Bronx_Mix)_KEY_E_Minor_BPM_15481272_Afro_House_Louie_Vega_LBL_Vega_Records-RY_2021_07-DWN_2023_08.aiff,1411 kbps,/Users/yerik/Music/_0_OLD_SOURCE/__tiny_14_07-25/Sacude_2021-BY-Tony_Touch_(Louie_Vega_Bronx_Mix)_KEY_E_Minor_BPM_15481272_Afro_House_Louie_Vega_LBL_Vega_Records-RY_2021_07-DWN_2023_08.aiff,16
78,3A,,AIFF,107.6,OOOLD_SRC_YODJ,7,Cityfade (Original Mix),Against All Logic,Breaks / Breakbeat / UK Bass,2012 - 2017,*****,2018-02-17,2018,Other People,,,05:40,2023-09-05,57.6 MB,Cityfade-BY-Against_All_Logic_(Original_Mix)_KEY_Bb_Minor_BPM_10242171_Breaks___Breakbeat___UK_Bass__LBL_Other_People-RY_2018_02-DWN_2023_09.aiff,1411 kbps,/Users/yerik/Music/_0_OLD_SOURCE/__tiny_44_07-25/Cityfade-BY-Against_All_Logic_(Original_Mix)_KEY_Bb_Minor_BPM_10242171_Breaks___Breakbeat___UK_Bass__LBL_Other_People-RY_2018_02-DWN_2023_09.aiff,16
79,9A,,MP3,103.7,OOOLD_SRC_YODJ,0,Los Tarantos,Nickodemus,Other,WonderWorld: 10 Years of Painting Outside the Lines,,nan,2005,nan,,,05:59,2025-03-16,13.9 MB,Los Tarantos.mp3,320 kbps,/Users/yerik/Music/_0_OLD_SOURCE/__tiny_72_07-25__00gnr_16_LANGUAGES/Los Tarantos.mp3,16
80,1A,,AIFF,120.0,OOOLD_SRC_YODJ,10,Que Nadie Se Meta Conmigo (Martin Strauts Remix),"Dario Nunez, Niltöx",Afro House,Que Nadie Se Meta Conmigo,*****,2020-04-27,2020,Audiometrica,,,06:21,2023-04-14,64.5 MB,"Dario Nunez, Niltöx - Que Nadie Se Meta C-1_5_1.aiff",1411 kbps,"/Users/yerik/Music/_0_OLD_SOURCE/__tiny_29_07-25/Dario Nunez, Niltöx - Que Nadie Se Meta C-1_5_1.aiff",16
81,11A,,MP3,123.0,OOOLD_SRC_YODJ,16,A Deeper Love (Original Mix),M.in,Tech House,"Elrow Vol. 3 (Mixed By Claptone, Tini Gessler & Eddy M) - Beatport Exclusive Edition",*****,2018-01-01,2018,Cr2 Records,,,07:33,2022-08-06,17.4 MB,10899087_A Deeper Love_(Original Mix).mp3,320 kbps,/Users/yerik/Music/_0_OLD_SOURCE/__tiny_18_07-25/10899087_A Deeper Love_(Original Mix).mp3,16
82,4A,,MP3,123.0,OOOLD_SRC_YODJ,3,Tomaza (feat. Piq Montano) (Original Mix),PAUZA,Afro House,Tomaza (feat. Piq Montano),*****,2021-05-21,2021,Create Music Group,,,03:13,2023-04-14,7.9 MB,15208982_Tomaza (feat. Piq Montano)_(Origina_2_0.mp3,320 kbps,/Users/yerik/Music/_0_OLD_SOURCE/__tiny_11_07-25/15208982_Tomaza (feat. Piq Montano)_(Origina_2_0.mp3,16
83,5A,,AIFF,124.0,OOOLD_SRC_YODJ,9,Siboney (Original Mix),"DJ Arte, alsur, Keysa",Afro House,Siboney (Original Mix),*****,2023-06-29,2023,Miami 305,,,04:38,2023-11-29,47.9 MB,"Siboney-BY-DJ_Arte,_alsur,_Keysa_(Original_Mix)_KEY_C_Minor_BPM_17868593_Afro_House__LBL_Miami_305-RY_2023_06-DWN_2023_11.aiff",1411 kbps,"/Users/yerik/Music/_0_OLD_SOURCE/__tiny_47_07-25/Siboney-BY-DJ_Arte,_alsur,_Keysa_(Original_Mix)_KEY_C_Minor_BPM_17868593_Afro_House__LBL_Miami_305-RY_2023_06-DWN_2023_11.aiff",16
84,11A,,AIFF,124.0,OOOLD_SRC_YODJ,9,Ninos (Lexah Remix 2022),Lexa Hill,Afro House,Ninos (Lexah Remix 2022),,2022-07-01,2022,UNION RECORDS (IT),,,05:43,2023-09-05,58.3 MB,Ninos-BY-Lexa_Hill_(Lexah_Remix_2022)_KEY_Gb_Minor_BPM_16585298_Afro_House_LEXAH_LBL_UNION_RECORDS_(IT)-RY_2022_07-DWN_2023_09.aiff,1411 kbps,/Users/yerik/Music/_0_OLD_SOURCE/__tiny_44_07-25/Ninos-BY-Lexa_Hill_(Lexah_Remix_2022)_KEY_Gb_Minor_BPM_16585298_Afro_House_LEXAH_LBL_UNION_RECORDS_(IT)-RY_2022_07-DWN_2023_09.aiff,16
85,8A,,WAV,124.0,OOOLD_SRC_YODJ,15,Jaleo feat. Concha Buika (Cuica Remix),Truby Trio,nan,nan,*****,nan,0,nan,,,06:40,2023-04-14,67.4 MB,Truby Trio - Jaleo feat. Concha Buika (Cuica_2_0.wav,1411 kbps,/Users/yerik/Music/_0_OLD_SOURCE/__tiny_4_07-25/Truby Trio - Jaleo feat. Concha Buika (Cuica_2_0.wav,16
86,12A,,MP3,122.0,OOOLD_SRC_YODJ,0,Niconé & Sascha Braemer feat. Kimtoo - Myheart,trndmsk,nan,nan,,nan,0,nan,,,06:52,2025-03-16,6.3 MB,Niconé & Sascha Braemer feat. Kimtoo - Myheart.mp3,128 kbps,/Users/yerik/Music/_0_OLD_SOURCE/__tiny_9_07-25/Niconé & Sascha Braemer feat. Kimtoo - Myheart.mp3,16
87,11A,,MP3,123.0,OOOLD_SRC_YODJ,0,Ry & Frank Wiedemann - Howling (Mick Benjamins' Edit),Mick Benjamins,nan,nan,,nan,0,nan,,,07:22,2025-03-16,17 MB,Ry & Frank Wiedemann - Howling (Mick Benjamins' Edit).mp3,320 kbps,/Users/yerik/Music/_0_OLD_SOURCE/__tiny_9_07-25/Ry & Frank Wiedemann - Howling (Mick Benjamins' Edit).mp3,16
88,8A,,MP3,100.0,OOOLD_SRC_YODJ,0,Santi - En Las Alturas,Santi & Tuğçe,nan,nan,,nan,0,nan,,,10:14,2025-03-16,9.4 MB,Santi - En Las Alturas.mp3,128 kbps,/Users/yerik/Music/_0_OLD_SOURCE/__tiny_37_07-25/Santi - En Las Alturas.mp3,16
89,7A,,MP3,102.0,OOOLD_SRC_YODJ,0,Discoshaman & Lemurian - Union Mystica feat. Nicolai Vesthammer  (Rodrigo Gallardo Remix),❋ Cosmic Awakenings ❋,nan,nan,,nan,0,nan,,,06:20,2025-03-16,5.9 MB,Discoshaman & Lemurian - Union Mystica feat. Nicolai Vesthammer  (Rodrigo Gallardo Remix).mp3,128 kbps,/Users/yerik/Music/_0_OLD_SOURCE/__tiny_37_07-25/Discoshaman & Lemurian - Union Mystica feat. Nicolai Vesthammer  (Rodrigo Gallardo Remix).mp3,16
90,11A,,MP3,125.0,OOOLD_SRC_YODJ,0,Damian Lazarus & The Ancient Moons - All I Need To Get High (Ae:ther Dreaming Dub Remix),Damian Lazarus,nan,nan,,nan,0,nan,,,08:28,2025-03-16,7.8 MB,Damian Lazarus & The Ancient Moons - All I Need To Get High (Ae_ther Dreaming Dub Remix).mp3,128 kbps,/Users/yerik/Music/_0_OLD_SOURCE/__tiny_32_07-25/Damian Lazarus & The Ancient Moons - All I Need To Get High (Ae_ther Dreaming Dub Remix).mp3,16
91,6A,,MP3,120.0,OOOLD_SRC_YODJ,0,Chant,Few Nolder,nan,nan,,nan,0,nan,,,04:34,2025-03-16,4.2 MB,Chant.mp3,128 kbps,/Users/yerik/Music/_0_OLD_SOURCE/__tiny_56_07-25/Chant.mp3,16
92,4B,,WAV,119.98,OOOLD_SRC_YODJ,0,Taron-Trekka - Swing Swing [brut! 13],brut! records,nan,nan,,nan,0,nan,,,08:48,2024-08-08,89 MB,a5AOl-13_0Bpm_120_7Key_8A_4cnt-rnk_1A1A6A-012oct_iiNAME_Taron-Trek_bybrut reco__GG__LBL_.wav,1411 kbps,/Users/yerik/Music/_0_OLD_SOURCE/__tiny_62_07-25/a5AOl-13_0Bpm_120_7Key_8A_4cnt-rnk_1A1A6A-012oct_iiNAME_Taron-Trek_bybrut reco__GG__LBL_.wav,16
